<?xml version="1.0" encoding="ISO8859-1" ?>
<NODE>
  <btnFilesMenu>
    <SmallImageIdx>-1</SmallImageIdx>
    <LargeImageIdx>-1</LargeImageIdx>
  </btnFilesMenu>
  <btnOptionsMenu>
    <SmallImageIdx>-1</SmallImageIdx>
    <LargeImageIdx>-1</LargeImageIdx>
  </btnOptionsMenu>
  <btnPanelMenu>
    <SmallImageIdx>-1</SmallImageIdx>
    <LargeImageIdx>-1</LargeImageIdx>
  </btnPanelMenu>
  <btnSamePath>
    <SmallImageIdx>0</SmallImageIdx>
    <LargeImageIdx>0</LargeImageIdx>
    <ShortCut>0</ShortCut>
  </btnSamePath>
  <btnSearch>
    <SmallImageIdx>1</SmallImageIdx>
    <LargeImageIdx>1</LargeImageIdx>
  </btnSearch>
  <btnViewFile>
    <SmallImageIdx>2</SmallImageIdx>
    <LargeImageIdx>2</LargeImageIdx>
  </btnViewFile>
  <btnHelp>
    <SmallImageIdx>3</SmallImageIdx>
    <LargeImageIdx>3</LargeImageIdx>
  </btnHelp>
  <btnRenameFile>
    <SmallImageIdx>4</SmallImageIdx>
    <LargeImageIdx>4</LargeImageIdx>
  </btnRenameFile>
  <btnCompress>
    <SmallImageIdx>5</SmallImageIdx>
    <LargeImageIdx>5</LargeImageIdx>
  </btnCompress>
  <btnEdit>
    <SmallImageIdx>6</SmallImageIdx>
    <LargeImageIdx>6</LargeImageIdx>
  </btnEdit>
  <btnSelfExtractor>
    <SmallImageIdx>7</SmallImageIdx>
    <LargeImageIdx>7</LargeImageIdx>
  </btnSelfExtractor>
  <btnAddNetwork>
    <SmallImageIdx>8</SmallImageIdx>
    <LargeImageIdx>8</LargeImageIdx>
  </btnAddNetwork>
  <btnRemoveNetwork>
    <SmallImageIdx>9</SmallImageIdx>
    <LargeImageIdx>9</LargeImageIdx>
  </btnRemoveNetwork>
  <btnRegister>
    <SmallImageIdx>10</SmallImageIdx>
    <LargeImageIdx>10</LargeImageIdx>
  </btnRegister>
  <btnDunes>
    <SmallImageIdx>11</SmallImageIdx>
    <LargeImageIdx>11</LargeImageIdx>
  </btnDunes>
  <btnUpdate>
    <SmallImageIdx>12</SmallImageIdx>
    <LargeImageIdx>12</LargeImageIdx>
  </btnUpdate>
  <btnSlideShow>
    <SmallImageIdx>13</SmallImageIdx>
    <LargeImageIdx>13</LargeImageIdx>
  </btnSlideShow>
  <btnFTP>
    <SmallImageIdx>14</SmallImageIdx>
    <LargeImageIdx>14</LargeImageIdx>
  </btnFTP>
  <btnConsole>
    <SmallImageIdx>15</SmallImageIdx>
    <LargeImageIdx>15</LargeImageIdx>
  </btnConsole>
  <btnForum>
    <SmallImageIdx>16</SmallImageIdx>
    <LargeImageIdx>16</LargeImageIdx>
  </btnForum>
  <btnMail>
    <SmallImageIdx>17</SmallImageIdx>
    <LargeImageIdx>17</LargeImageIdx>
  </btnMail>
  <btnCalcSizes>
    <SmallImageIdx>18</SmallImageIdx>
    <LargeImageIdx>18</LargeImageIdx>
  </btnCalcSizes>
  <btnAttr>
    <SmallImageIdx>19</SmallImageIdx>
    <LargeImageIdx>19</LargeImageIdx>
  </btnAttr>
  <btnNewTextFile>
    <SmallImageIdx>20</SmallImageIdx>
    <LargeImageIdx>20</LargeImageIdx>
  </btnNewTextFile>
  <btnCDProject>
    <SmallImageIdx>21</SmallImageIdx>
    <LargeImageIdx>21</LargeImageIdx>
  </btnCDProject>
  <btnHelpMenu2>
    <SmallImageIdx>-1</SmallImageIdx>
    <LargeImageIdx>-1</LargeImageIdx>
  </btnHelpMenu2>
  <btnDrivesLeft>
    <SmallImageIdx>22</SmallImageIdx>
    <LargeImageIdx>22</LargeImageIdx>
  </btnDrivesLeft>
  <btnDrivesRight>
    <SmallImageIdx>23</SmallImageIdx>
    <LargeImageIdx>23</LargeImageIdx>
  </btnDrivesRight>
  <btnOptions>
    <SmallImageIdx>24</SmallImageIdx>
    <LargeImageIdx>24</LargeImageIdx>
  </btnOptions>
  <btnCompareFolders>
    <SmallImageIdx>25</SmallImageIdx>
    <LargeImageIdx>25</LargeImageIdx>
  </btnCompareFolders>
  <btnCompareTextFiles>
    <SmallImageIdx>26</SmallImageIdx>
    <LargeImageIdx>26</LargeImageIdx>
  </btnCompareTextFiles>
  <btnCompareFiles>
    <SmallImageIdx>27</SmallImageIdx>
    <LargeImageIdx>27</LargeImageIdx>
  </btnCompareFiles>
  <btnSync>
    <SmallImageIdx>28</SmallImageIdx>
    <LargeImageIdx>28</LargeImageIdx>
  </btnSync>
  <btnQuickView>
    <SmallImageIdx>29</SmallImageIdx>
    <LargeImageIdx>29</LargeImageIdx>
  </btnQuickView>
  <btnTreeView>
    <SmallImageIdx>30</SmallImageIdx>
    <LargeImageIdx>30</LargeImageIdx>
  </btnTreeView>
  <btnAbout>
    <SmallImageIdx>31</SmallImageIdx>
    <LargeImageIdx>31</LargeImageIdx>
  </btnAbout>
  <btnPlayList>
    <SmallImageIdx>32</SmallImageIdx>
    <LargeImageIdx>32</LargeImageIdx>
  </btnPlayList>
  <btnDecompress>
    <SmallImageIdx>33</SmallImageIdx>
    <LargeImageIdx>33</LargeImageIdx>
  </btnDecompress>
  <btnSelect>
    <SmallImageIdx>-1</SmallImageIdx>
    <LargeImageIdx>-1</LargeImageIdx>
  </btnSelect>
  <btnSelectGroup>
    <SmallImageIdx>34</SmallImageIdx>
    <LargeImageIdx>34</LargeImageIdx>
  </btnSelectGroup>
  <btnDeselectGroup>
    <SmallImageIdx>35</SmallImageIdx>
    <LargeImageIdx>35</LargeImageIdx>
  </btnDeselectGroup>
  <btnSelectAll>
    <SmallImageIdx>36</SmallImageIdx>
    <LargeImageIdx>36</LargeImageIdx>
  </btnSelectAll>
  <btnDeselectAll>
    <SmallImageIdx>37</SmallImageIdx>
    <LargeImageIdx>37</LargeImageIdx>
  </btnDeselectAll>
  <btnInvertSelection>
    <SmallImageIdx>38</SmallImageIdx>
    <LargeImageIdx>38</LargeImageIdx>
  </btnInvertSelection>
  <btnSelectSameExtension>
    <SmallImageIdx>39</SmallImageIdx>
    <LargeImageIdx>39</LargeImageIdx>
  </btnSelectSameExtension>
  <btnTextEdit>
    <SmallImageIdx>40</SmallImageIdx>
    <LargeImageIdx>40</LargeImageIdx>
  </btnTextEdit>
  <btnPanelLeft>
    <SmallImageIdx>-1</SmallImageIdx>
    <LargeImageIdx>-1</LargeImageIdx>
  </btnPanelLeft>
  <btnPanelRight>
    <SmallImageIdx>-1</SmallImageIdx>
    <LargeImageIdx>-1</LargeImageIdx>
  </btnPanelRight>
  <dxBarSeparator1>
    <SmallImageIdx>-1</SmallImageIdx>
    <LargeImageIdx>-1</LargeImageIdx>
  </dxBarSeparator1>
  <btnOpenEditor>
    <SmallImageIdx>41</SmallImageIdx>
    <LargeImageIdx>41</LargeImageIdx>
  </btnOpenEditor>
  <btnExternalViewer>
    <SmallImageIdx>42</SmallImageIdx>
    <LargeImageIdx>42</LargeImageIdx>
  </btnExternalViewer>
  <btnLink>
    <SmallImageIdx>43</SmallImageIdx>
    <LargeImageIdx>43</LargeImageIdx>
  </btnLink>
  <btnPrint>
    <SmallImageIdx>44</SmallImageIdx>
    <LargeImageIdx>44</LargeImageIdx>
  </btnPrint>
  <btnLeftPanelDescription>
    <SmallImageIdx>-1</SmallImageIdx>
    <LargeImageIdx>-1</LargeImageIdx>
  </btnLeftPanelDescription>
  <btnEncrypt>
    <SmallImageIdx>45</SmallImageIdx>
    <LargeImageIdx>45</LargeImageIdx>
  </btnEncrypt>
  <btnDeleteFinal>
    <SmallImageIdx>46</SmallImageIdx>
    <LargeImageIdx>46</LargeImageIdx>
  </btnDeleteFinal>
  <btnConvertAudio>
    <SmallImageIdx>47</SmallImageIdx>
    <LargeImageIdx>47</LargeImageIdx>
  </btnConvertAudio>
  <btnDecrypt>
    <SmallImageIdx>48</SmallImageIdx>
    <LargeImageIdx>48</LargeImageIdx>
  </btnDecrypt>
  <btnSwitchPanels>
    <SmallImageIdx>49</SmallImageIdx>
    <LargeImageIdx>49</LargeImageIdx>
  </btnSwitchPanels>
  <btnClipBox>
    <SmallImageIdx>50</SmallImageIdx>
    <LargeImageIdx>50</LargeImageIdx>
  </btnClipBox>
  <btnZipAndMail>
    <SmallImageIdx>51</SmallImageIdx>
    <LargeImageIdx>51</LargeImageIdx>
  </btnZipAndMail>
  <btnSplit>
    <SmallImageIdx>52</SmallImageIdx>
    <LargeImageIdx>52</LargeImageIdx>
  </btnSplit>
  <btnMerge>
    <SmallImageIdx>53</SmallImageIdx>
    <LargeImageIdx>53</LargeImageIdx>
  </btnMerge>
  <btnCopyDirect>
    <SmallImageIdx>54</SmallImageIdx>
    <LargeImageIdx>54</LargeImageIdx>
  </btnCopyDirect>
  <btnCompressHere>
    <SmallImageIdx>55</SmallImageIdx>
    <LargeImageIdx>55</LargeImageIdx>
  </btnCompressHere>
  <btnNetConnect>
    <SmallImageIdx>56</SmallImageIdx>
    <LargeImageIdx>56</LargeImageIdx>
  </btnNetConnect>
  <btnAdvancedRename>
    <SmallImageIdx>57</SmallImageIdx>
    <LargeImageIdx>57</LargeImageIdx>
  </btnAdvancedRename>
  <btnUndo>
    <SmallImageIdx>58</SmallImageIdx>
    <LargeImageIdx>58</LargeImageIdx>
  </btnUndo>
  <btnRedo>
    <SmallImageIdx>59</SmallImageIdx>
    <LargeImageIdx>59</LargeImageIdx>
  </btnRedo>
  <dxBarLargeButton1>
    <SmallImageIdx>-1</SmallImageIdx>
    <LargeImageIdx>-1</LargeImageIdx>
  </dxBarLargeButton1>
  <btnElevate>
    <SmallImageIdx>60</SmallImageIdx>
    <LargeImageIdx>60</LargeImageIdx>
  </btnElevate>
  <btnQuickHelp>
    <SmallImageIdx>61</SmallImageIdx>
    <LargeImageIdx>61</LargeImageIdx>
  </btnQuickHelp>
  <dxBarEdit1>
    <SmallImageIdx>-1</SmallImageIdx>
    <LargeImageIdx>-1</LargeImageIdx>
  </dxBarEdit1>
  <btnDecompressHere>
    <SmallImageIdx>62</SmallImageIdx>
    <LargeImageIdx>62</LargeImageIdx>
  </btnDecompressHere>
  <btnFavorites>
    <SmallImageIdx>63</SmallImageIdx>
    <LargeImageIdx>63</LargeImageIdx>
  </btnFavorites>
  <btnCreateFileList>
    <SmallImageIdx>64</SmallImageIdx>
    <LargeImageIdx>64</LargeImageIdx>
  </btnCreateFileList>
  <dxBarSeparator2>
    <SmallImageIdx>-1</SmallImageIdx>
    <LargeImageIdx>-1</LargeImageIdx>
  </dxBarSeparator2>
  <btnBuyNow>
    <SmallImageIdx>65</SmallImageIdx>
    <LargeImageIdx>65</LargeImageIdx>
  </btnBuyNow>
  <dxBarSeparator4>
    <SmallImageIdx>-1</SmallImageIdx>
    <LargeImageIdx>-1</LargeImageIdx>
  </dxBarSeparator4>
  <btnActivateLicence>
    <SmallImageIdx>66</SmallImageIdx>
    <LargeImageIdx>66</LargeImageIdx>
  </btnActivateLicence>
  <btnQuickAccess>
    <SmallImageIdx>67</SmallImageIdx>
    <LargeImageIdx>67</LargeImageIdx>
    <ShortCut>8273</ShortCut>
  </btnQuickAccess>
  <btnFAQ>
    <SmallImageIdx>68</SmallImageIdx>
    <LargeImageIdx>68</LargeImageIdx>
  </btnFAQ>
  <btnAskQuestion>
    <SmallImageIdx>69</SmallImageIdx>
    <LargeImageIdx>69</LargeImageIdx>
  </btnAskQuestion>
  <btnCopyFiles>
    <SmallImageIdx>70</SmallImageIdx>
    <LargeImageIdx>70</LargeImageIdx>
  </btnCopyFiles>
  <btnDeleteFiles>
    <SmallImageIdx>71</SmallImageIdx>
    <LargeImageIdx>71</LargeImageIdx>
  </btnDeleteFiles>
  <btnRefresh>
    <SmallImageIdx>72</SmallImageIdx>
    <LargeImageIdx>72</LargeImageIdx>
  </btnRefresh>
  <btnMoveFiles>
    <SmallImageIdx>73</SmallImageIdx>
    <LargeImageIdx>73</LargeImageIdx>
  </btnMoveFiles>
  <btnQuit>
    <SmallImageIdx>74</SmallImageIdx>
    <LargeImageIdx>74</LargeImageIdx>
  </btnQuit>
  <btnNewFolder>
    <SmallImageIdx>75</SmallImageIdx>
    <LargeImageIdx>75</LargeImageIdx>
  </btnNewFolder>
  <NODE Name="Toolbars[0]">
    <Options>1</Options>
  </NODE>
  <NODE Name="Toolbars[1]">
    <Options>2</Options>
  </NODE>
  <NODE Name="Toolbars[2]">
    <Options>4</Options>
  </NODE>
  <NODE Name="Toolbars[3]">
    <Options>1</Options>
  </NODE>
  <NODE Name="Toolbars[4]">
    <Options>1</Options>
  </NODE>
  <NODE Name="Toolbars[5]">
    <Options>1</Options>
  </NODE>
  <NODE Name="Toolbars[6]">
    <Options>1</Options>
  </NODE>
</NODE>
