<?xml version="1.0" encoding="ISO8859-1" ?>
<NODE>
  <Maximized>False</Maximized>
  <Position>
    <Left>-1406</Left>
    <Top>54</Top>
    <Width>1296</Width>
    <Height>1000</Height>
  </Position>
  <Monitor>1</Monitor>
  <Panels>
    <NODE Name="Panel[0]">
      <Tabs>
        <Tabs>
          <NODE Name="Tab[0]">
            <Caption>Dokumenty</Caption>
            <UserCaption EmptyLine="1"/>
            <Color>14940670</Color>
            <LinksCollapsed>False</LinksCollapsed>
            <HideTabSettings>False</HideTabSettings>
            <VirtualTab>False</VirtualTab>
            <ImageFileName EmptyLine="1"/>
            <Group EmptyLine="1"/>
            <Item>
              <ClassName>TWinNcShellItem</ClassName>
              <Path>C:\Users\ban\Documents</Path>
            </Item>
          </NODE>
        </Tabs>
        <DirectoryTabs/>
      </Tabs>
      <ListView>
        <View>3</View>
        <NODE Name="Column[0]">
          <Width>382</Width>
          <Visible>True</Visible>
          <SortDirection>0</SortDirection>
          <Position>0</Position>
        </NODE>
        <NODE Name="Column[1]">
          <Width>95</Width>
          <Visible>True</Visible>
          <SortDirection>0</SortDirection>
          <Position>1</Position>
        </NODE>
        <NODE Name="Column[2]">
          <Width>134</Width>
          <Visible>True</Visible>
          <SortDirection>1</SortDirection>
          <Position>2</Position>
        </NODE>
        <NODE Name="Column[3]">
          <Width>42</Width>
          <Visible>False</Visible>
          <SortDirection>0</SortDirection>
          <Position>3</Position>
        </NODE>
        <NODE Name="Column[4]">
          <Width>97</Width>
          <Visible>False</Visible>
          <SortDirection>0</SortDirection>
          <Position>4</Position>
        </NODE>
        <NODE Name="Column[5]">
          <Width>8</Width>
          <Visible>False</Visible>
          <SortDirection>0</SortDirection>
          <Position>5</Position>
        </NODE>
        <NODE Name="Column[6]">
          <Width>557</Width>
          <Visible>False</Visible>
          <SortDirection>0</SortDirection>
          <Position>6</Position>
        </NODE>
        <PreviousPathVisible>False</PreviousPathVisible>
        <ShowGroups>True</ShowGroups>
        <SortType>6</SortType>
      </ListView>
      <Active>False</Active>
      <Folder>
        <ClassName>TWinNcDiskFile</ClassName>
        <Path>\\BALTHAZAR\public\__PROJEKTY\Klepsydra\2019\Luty\ReklamaA4_eklepsydra</Path>
        <Browsable>True</Browsable>
      </Folder>
      <ActiveItem>
        <ClassName>TWinNcDiskFile</ClassName>
        <Path>\\BALTHAZAR\public\__PROJEKTY\Klepsydra\2019\Luty\ReklamaA4_eklepsydra\reklamaA4_eklepsydra_v1.psd</Path>
        <Browsable>False</Browsable>
      </ActiveItem>
      <BrowseMode>1</BrowseMode>
      <BrowseOldMode>1</BrowseOldMode>
      <Tool>
        <TWinNcFavoritesTool>
          <NODE Name="RootExpanded[0]">True</NODE>
          <NODE Name="RootExpanded[1]">True</NODE>
          <NODE Name="RootExpanded[2]">True</NODE>
          <NODE Name="RootExpanded[3]">True</NODE>
          <NODE Name="RootExpanded[4]">True</NODE>
          <Width>296</Width>
        </TWinNcFavoritesTool>
        <TWinncVirtualFolderTool/>
        <TWinNcSearchTool/>
        <TWinNcPanelSearchTool/>
        <TWinNcDriveSelectTool/>
      </Tool>
      <LeftPanel>True</LeftPanel>
      <PanelSet>Default</PanelSet>
    </NODE>
    <NODE Name="Panel[1]">
      <Tabs>
        <Tabs>
          <NODE Name="Tab[0]">
            <Caption>Dokumenty</Caption>
            <UserCaption EmptyLine="1"/>
            <Color>14940670</Color>
            <LinksCollapsed>False</LinksCollapsed>
            <HideTabSettings>False</HideTabSettings>
            <VirtualTab>False</VirtualTab>
            <ImageFileName EmptyLine="1"/>
            <Group EmptyLine="1"/>
            <Item>
              <ClassName>TWinNcShellItem</ClassName>
              <Path>C:\Users\ban\Documents</Path>
            </Item>
          </NODE>
        </Tabs>
        <DirectoryTabs/>
      </Tabs>
      <ListView>
        <View>3</View>
        <NODE Name="Column[0]">
          <Width>324</Width>
          <Visible>True</Visible>
          <SortDirection>2</SortDirection>
          <Position>0</Position>
        </NODE>
        <NODE Name="Column[1]">
          <Width>95</Width>
          <Visible>True</Visible>
          <SortDirection>0</SortDirection>
          <Position>1</Position>
        </NODE>
        <NODE Name="Column[2]">
          <Width>142</Width>
          <Visible>True</Visible>
          <SortDirection>0</SortDirection>
          <Position>2</Position>
        </NODE>
        <NODE Name="Column[3]">
          <Width>42</Width>
          <Visible>True</Visible>
          <SortDirection>0</SortDirection>
          <Position>3</Position>
        </NODE>
        <NODE Name="Column[4]">
          <Width>97</Width>
          <Visible>False</Visible>
          <SortDirection>0</SortDirection>
          <Position>4</Position>
        </NODE>
        <NODE Name="Column[5]">
          <Width>8</Width>
          <Visible>True</Visible>
          <SortDirection>0</SortDirection>
          <Position>5</Position>
        </NODE>
        <NODE Name="Column[6]">
          <Width>192</Width>
          <Visible>False</Visible>
          <SortDirection>0</SortDirection>
          <Position>6</Position>
        </NODE>
        <PreviousPathVisible>False</PreviousPathVisible>
        <ShowGroups>True</ShowGroups>
        <SortType>1</SortType>
      </ListView>
      <Active>True</Active>
      <Folder>
        <ClassName>TWinNcDiskFile</ClassName>
        <Path>d:\_DESIGN_FONT_FOLDER</Path>
        <Browsable>True</Browsable>
      </Folder>
      <ActiveItem>
        <ClassName>TWinNcDiskFile</ClassName>
        <Path>d:\_DESIGN_FONT_FOLDER\InriaSerif-Regular.ttf</Path>
        <Browsable>False</Browsable>
      </ActiveItem>
      <BrowseMode>1</BrowseMode>
      <BrowseOldMode>1</BrowseOldMode>
      <Tool>
        <TWinNcConsole>
          <Height>263</Height>
        </TWinNcConsole>
        <TWinNcPanelSearchTool/>
        <TWinNcDriveSelectTool/>
        <TWinNcTreeTool>
          <Width>451</Width>
        </TWinNcTreeTool>
        <TFolderSizeTool/>
      </Tool>
      <LeftPanel>False</LeftPanel>
      <PanelSet>Default</PanelSet>
    </NODE>
  </Panels>
  <Viewers>
    <BoundLeft>-1</BoundLeft>
    <BoundRight>-1</BoundRight>
    <BoundTop>-1</BoundTop>
    <BoundBottom>-1</BoundBottom>
  </Viewers>
  <SplitDragIcons>False</SplitDragIcons>
  <DragOperationTypes>183</DragOperationTypes>
  <StateTabs>
    <DefaultTab>
      <Caption>_DESIGN_FONT_FOLDER</Caption>
      <UserCaption EmptyLine="1"/>
      <Color>3615488</Color>
      <LinksCollapsed>True</LinksCollapsed>
      <HideTabSettings>False</HideTabSettings>
      <VirtualTab>False</VirtualTab>
      <ImageFileName EmptyLine="1"/>
    </DefaultTab>
  </StateTabs>
  <PanelState>False</PanelState>
  <SearchHistory>*.*</SearchHistory>
  <DisplayDragThroughHint>True</DisplayDragThroughHint>
  <WinNcVersion>7</WinNcVersion>
  <Filters/>
  <Hints>
    <Hints>True</Hints>
    <NODE Name="DisplayedHints[0]">StatusDebug</NODE>
    <NODE Name="DisplayedHints[1]">StatusCPU</NODE>
    <NODE Name="DisplayedHints[2]">PanelContextMenu</NODE>
    <NODE Name="DisplayedHints[3]" EmptyLine="1"/>
  </Hints>
</NODE>
